id,age,gender,country,hours_sleep,exercise_days,screen_time,stress_level,happiness_level,income_bracket,screen_sleep_ratio,habito_saludable,grupo_riesgo
1,56,male,Peru,7.4,0,6.6,3,5,low,0.8918918918918918,1,0
2,46,female,Chile,7.1,3,7.7,4,8,high,1.0845070422535212,2,0
3,32,male,Colombia,8.1,6,2.8,5,3,high,0.345679012345679,3,0
4,60,non-binary,Peru,7.1,3,10.3,6,6,medium,1.4507042253521127,2,0
5,25,male,Mexico,6.8,3,6.5,1,4,low,0.9558823529411765,1,0
6,38,male,Peru,6.1,0,10.1,4,7,low,1.6557377049180328,0,0
7,56,male,Argentina,8.3,0,4.2,10,10,low,0.5060240963855421,2,0
8,36,male,Colombia,5.6,4,10.5,5,3,medium,1.8750000000000002,1,0
9,40,non-binary,Mexico,5.3,1,7.9,7,6,medium,1.4905660377358492,0,0
10,28,non-binary,Chile,7.9,1,7.4,5,10,medium,0.9367088607594937,1,0
11,28,female,Spain,5.0,4,6.6,1,9,low,1.3199999999999998,1,0
12,41,non-binary,Mexico,10.6,4,5.4,7,10,low,0.5094339622641509,3,0
13,53,non-binary,Chile,7.1,5,9.0,8,1,low,1.267605633802817,2,0
14,57,female,Spain,7.5,6,6.4,7,3,medium,0.8533333333333334,2,0
15,41,non-binary,Spain,5.8,3,1.1,4,2,medium,0.18965517241379312,2,0
16,20,male,Mexico,6.5,4,3.2,8,8,high,0.49230769230769234,2,0
17,39,male,Peru,6.4,2,5.5,5,7,medium,0.859375,1,0
18,19,female,Peru,6.2,1,6.8,10,2,high,1.096774193548387,0,0
19,41,female,Spain,7.9,4,5.9,9,6,low,0.7468354430379747,3,0
20,61,female,Peru,6.3,2,9.0,10,3,medium,1.4285714285714286,0,0
21,47,male,Argentina,8.5,2,1.1,5,8,low,0.12941176470588237,2,0
22,55,non-binary,Spain,11.0,2,6.4,1,10,low,0.5818181818181819,1,0
23,19,male,Spain,6.6,5,1.5,9,3,low,0.2272727272727273,2,0
24,38,female,Chile,7.2,5,7.9,5,10,low,1.0972222222222223,2,0
25,50,non-binary,Peru,7.6,2,5.8,6,9,medium,0.7631578947368421,2,0
26,29,non-binary,Spain,9.7,6,7.0,4,1,low,0.7216494845360826,2,0
27,39,male,Argentina,6.9,5,3.8,6,5,high,0.5507246376811593,2,0
28,61,female,Chile,5.8,3,9.2,8,3,medium,1.586206896551724,1,1
29,42,male,Mexico,5.1,2,8.6,3,6,low,1.6862745098039216,0,0
30,44,non-binary,Spain,6.9,3,7.5,5,10,medium,1.0869565217391304,1,0
31,59,male,Argentina,6.3,3,5.7,2,2,high,0.9047619047619048,2,0
32,45,male,Colombia,10.0,2,7.4,2,9,low,0.74,1,0
33,33,female,Argentina,9.7,1,4.2,7,6,high,0.43298969072164956,2,0
34,32,female,Argentina,5.4,6,8.1,10,7,low,1.4999999999999998,1,1
35,64,non-binary,Chile,5.9,2,10.1,10,5,high,1.711864406779661,0,1
36,61,male,Mexico,7.1,2,8.7,10,9,low,1.2253521126760563,1,0
37,20,male,Colombia,9.1,5,4.2,6,1,medium,0.46153846153846156,3,0
38,54,male,Peru,7.1,2,6.9,4,5,low,0.9718309859154931,1,0
39,24,non-binary,Peru,6.0,1,2.8,5,10,medium,0.4666666666666666,1,0
40,38,non-binary,Argentina,6.9,5,7.4,1,6,low,1.0724637681159421,1,0
41,26,female,Chile,6.1,0,7.1,7,7,low,1.1639344262295082,0,0
42,56,female,Chile,7.9,0,1.3,8,4,high,0.16455696202531644,2,0
43,35,female,Peru,5.9,3,3.1,9,1,high,0.5254237288135593,2,0
44,21,male,Colombia,6.2,6,5.3,8,8,high,0.8548387096774193,2,0
45,42,male,Mexico,8.7,3,5.2,5,10,low,0.5977011494252874,3,0
46,31,female,Colombia,5.8,1,3.0,3,4,low,0.5172413793103449,1,0
47,26,male,Spain,4.8,4,7.0,10,3,low,1.4583333333333335,1,0
48,43,female,Spain,7.1,6,6.6,9,7,medium,0.9295774647887324,2,0
49,19,non-binary,Mexico,6.5,0,5.5,6,2,medium,0.8461538461538461,1,0
50,37,female,Peru,7.8,3,4.1,5,8,low,0.5256410256410257,3,0
51,45,non-binary,Mexico,7.5,0,8.6,3,6,high,1.1466666666666667,1,0
52,64,male,Chile,7.0,1,10.1,6,7,high,1.4428571428571428,1,0
53,24,female,Spain,6.9,1,4.8,3,5,high,0.6956521739130435,1,0
54,61,male,Argentina,5.9,4,4.5,10,9,low,0.7627118644067796,2,0
55,25,non-binary,Argentina,7.1,4,7.2,6,5,high,1.0140845070422535,2,0
56,64,non-binary,Peru,8.3,5,5.1,4,5,low,0.6144578313253011,3,0
57,52,non-binary,Chile,5.5,6,5.7,2,3,medium,1.0363636363636364,2,0
58,31,male,Colombia,7.0,1,7.8,8,1,high,1.1142857142857143,1,0
59,34,male,Chile,8.6,3,1.2,4,2,medium,0.13953488372093023,3,0
60,53,male,Argentina,7.8,0,9.3,9,8,high,1.1923076923076925,1,0
61,57,male,Argentina,9.0,2,6.2,7,1,low,0.6888888888888889,1,0
62,21,non-binary,Spain,6.1,4,5.0,2,7,low,0.819672131147541,2,0
63,19,non-binary,Chile,4.3,2,5.8,4,5,low,1.3488372093023255,1,0
64,23,female,Chile,7.3,3,5.9,5,3,low,0.8082191780821919,3,0
65,59,female,Argentina,7.5,4,1.7,3,7,high,0.22666666666666666,3,0
66,21,male,Colombia,9.1,2,9.7,9,9,medium,1.065934065934066,1,0
67,46,non-binary,Peru,8.8,6,6.1,5,2,low,0.6931818181818181,2,0
68,35,non-binary,Peru,7.8,3,7.1,2,8,high,0.9102564102564102,2,0
69,43,non-binary,Chile,8.1,0,8.4,3,9,medium,1.0370370370370372,1,0
70,61,female,Peru,6.7,6,3.4,9,3,low,0.5074626865671642,2,0
71,51,female,Argentina,5.2,3,7.2,7,2,medium,1.3846153846153846,1,0
72,27,non-binary,Argentina,7.2,5,5.3,2,7,low,0.736111111111111,3,0
73,53,non-binary,Chile,8.5,4,8.1,9,5,medium,0.9529411764705882,2,0
74,31,non-binary,Chile,8.0,1,0.7,4,5,medium,0.0875,2,0
75,48,female,Spain,8.3,0,5.8,9,10,low,0.6987951807228915,2,0
76,32,non-binary,Chile,6.4,6,4.5,2,5,high,0.703125,2,0
77,25,non-binary,Colombia,6.6,6,7.1,10,4,medium,1.0757575757575757,1,0
78,31,male,Peru,7.7,2,7.2,4,5,low,0.935064935064935,1,0
79,40,male,Chile,6.2,4,4.2,5,4,medium,0.6774193548387097,2,0
80,57,female,Mexico,6.2,1,4.2,2,6,medium,0.6774193548387097,1,0
81,38,non-binary,Spain,7.4,3,5.7,10,4,high,0.7702702702702703,3,0
82,33,non-binary,Mexico,8.1,1,3.8,1,2,medium,0.4691358024691358,2,0
83,62,male,Argentina,6.7,4,8.1,7,9,medium,1.208955223880597,1,0
84,35,female,Peru,5.3,4,5.1,10,2,low,0.9622641509433962,2,0
86,41,male,Mexico,7.3,5,5.1,8,10,high,0.6986301369863014,3,0
87,43,male,Peru,7.3,1,3.4,3,6,medium,0.4657534246575342,2,0
88,42,male,Argentina,7.4,3,1.9,10,9,medium,0.25675675675675674,3,0
89,62,non-binary,Colombia,7.8,1,2.9,6,9,medium,0.3717948717948718,2,0
90,58,non-binary,Spain,7.0,4,6.3,7,3,high,0.9,2,0
91,46,male,Peru,7.4,4,9.3,10,1,medium,1.2567567567567568,2,0
92,32,female,Peru,6.9,2,6.8,1,1,low,0.9855072463768115,0,0
93,62,female,Colombia,8.7,5,4.5,6,3,high,0.5172413793103449,3,0
94,18,female,Peru,9.1,2,7.1,7,5,low,0.7802197802197802,1,0
95,42,female,Argentina,5.2,0,4.9,6,3,low,0.9423076923076923,1,0
96,24,male,Argentina,6.6,4,4.3,4,9,high,0.6515151515151515,2,0
97,26,non-binary,Colombia,7.0,2,3.1,1,9,low,0.4428571428571429,2,0
98,41,female,Spain,6.6,1,1.6,9,3,medium,0.24242424242424246,1,0
99,18,male,Chile,9.7,5,5.0,4,3,high,0.5154639175257733,3,0
100,61,female,Mexico,7.3,5,6.4,7,5,low,0.8767123287671234,2,0
101,25,female,Chile,5.8,3,5.8,7,2,medium,1.0,2,0
102,41,male,Peru,7.9,1,5.0,2,6,medium,0.6329113924050632,2,0
103,28,non-binary,Mexico,7.4,3,3.6,1,7,low,0.48648648648648646,3,0
104,34,non-binary,Colombia,7.5,2,7.5,8,9,medium,1.0,1,0
105,25,male,Colombia,9.7,6,2.7,8,6,high,0.2783505154639176,3,0
106,52,non-binary,Spain,7.5,0,7.9,7,3,low,1.0533333333333335,1,0
107,52,male,Mexico,6.5,1,3.5,8,5,medium,0.5384615384615384,1,0
108,50,male,Argentina,4.1,1,4.1,3,4,medium,1.0,1,0
109,22,male,Mexico,6.8,1,2.3,2,5,low,0.338235294117647,1,0
110,59,non-binary,Peru,9.0,3,4.7,7,8,low,0.5222222222222223,3,0
111,56,male,Argentina,6.9,2,8.4,8,8,low,1.2173913043478262,0,0
112,58,female,Colombia,3.6,1,7.3,1,6,low,2.0277777777777777,0,0
113,45,non-binary,Mexico,6.3,6,8.4,10,1,high,1.3333333333333335,1,0
114,24,non-binary,Chile,8.5,1,7.3,9,8,low,0.8588235294117647,1,0
115,26,non-binary,Spain,7.8,5,3.2,4,8,high,0.4102564102564103,3,0
116,25,non-binary,Chile,5.7,0,5.2,4,2,high,0.9122807017543859,1,0
117,29,female,Spain,6.2,5,4.0,3,4,low,0.6451612903225806,2,0
118,51,non-binary,Peru,6.4,5,9.3,6,2,high,1.453125,1,0
119,50,non-binary,Chile,6.0,0,3.0,1,4,low,0.5,1,0
120,40,male,Mexico,4.0,6,8.2,6,10,low,2.05,1,0
121,41,non-binary,Mexico,8.1,2,8.2,2,7,medium,1.0123456790123457,1,0
122,54,female,Chile,8.9,5,10.6,9,9,low,1.1910112359550562,2,0
123,52,female,Mexico,4.7,2,5.0,2,8,medium,1.0638297872340425,1,0
124,61,female,Peru,8.9,5,7.8,7,9,high,0.8764044943820224,2,0
125,57,female,Argentina,6.8,4,11.7,1,8,medium,1.7205882352941175,1,0
126,39,non-binary,Peru,8.8,0,4.5,7,2,high,0.5113636363636364,2,0
127,44,non-binary,Spain,7.1,5,2.2,5,7,low,0.3098591549295775,3,0
128,52,female,Peru,7.2,4,1.3,8,2,high,0.18055555555555555,3,0
129,18,female,Spain,7.6,3,7.8,4,2,high,1.0263157894736843,2,0
130,52,non-binary,Mexico,5.8,4,1.3,10,4,low,0.22413793103448276,2,0
131,54,female,Argentina,8.8,1,5.1,7,1,high,0.5795454545454545,2,0
132,64,male,Mexico,5.3,5,7.1,6,5,low,1.3396226415094339,1,0
133,31,female,Colombia,6.4,4,6.5,5,6,medium,1.015625,1,0
134,20,female,Mexico,7.8,2,7.1,4,9,low,0.9102564102564102,1,0
135,18,male,Spain,6.2,3,6.6,7,10,low,1.064516129032258,1,0
136,22,male,Mexico,8.2,6,9.2,5,8,high,1.1219512195121952,2,0
137,43,non-binary,Mexico,9.1,5,3.6,5,2,medium,0.39560439560439564,3,0
138,31,non-binary,Argentina,8.5,1,4.3,1,1,low,0.5058823529411764,2,0
139,56,male,Mexico,4.1,6,4.1,2,2,medium,1.0,2,0
140,44,male,Argentina,7.2,4,8.1,5,7,medium,1.125,2,0
141,26,non-binary,Chile,8.5,6,8.3,3,4,high,0.9764705882352942,2,0
142,32,female,Colombia,5.0,6,7.1,2,10,low,1.42,1,0
143,32,male,Argentina,8.1,3,9.0,4,5,high,1.1111111111111112,2,0
144,43,non-binary,Spain,8.0,6,3.1,4,7,low,0.3875,3,0
145,59,female,Chile,5.2,6,10.2,4,3,medium,1.9615384615384612,1,0
146,30,male,Argentina,8.3,5,9.8,4,10,low,1.180722891566265,2,0
147,49,female,Argentina,7.4,3,7.8,3,2,low,1.054054054054054,2,0
148,56,non-binary,Colombia,8.0,1,10.5,7,7,medium,1.3125,1,0
149,49,male,Spain,5.6,4,1.9,9,5,medium,0.3392857142857143,2,0
150,21,female,Peru,7.2,3,4.7,5,1,low,0.6527777777777778,3,0
151,47,male,Peru,4.4,3,4.2,4,1,high,0.9545454545454545,2,0
152,54,female,Argentina,3.6,0,7.8,2,9,low,2.1666666666666665,0,0
153,40,non-binary,Mexico,7.2,3,3.4,2,5,medium,0.4722222222222222,3,0
154,56,non-binary,Spain,8.7,0,7.9,5,1,high,0.9080459770114944,1,0
155,62,male,Chile,7.4,4,9.4,7,7,medium,1.2702702702702702,2,0
156,32,female,Mexico,6.9,6,7.7,10,9,medium,1.1159420289855073,1,0
157,60,male,Mexico,6.7,5,6.7,10,1,high,1.0,1,0
158,46,male,Spain,5.6,5,3.5,9,10,medium,0.625,2,0
159,53,female,Argentina,6.7,4,3.9,7,4,medium,0.582089552238806,2,0
160,30,female,Argentina,7.6,4,9.1,5,3,medium,1.1973684210526316,2,0
161,49,female,Argentina,6.3,2,7.9,10,5,medium,1.253968253968254,0,0
162,24,non-binary,Argentina,8.1,6,5.9,10,7,medium,0.7283950617283952,3,0
163,39,male,Peru,7.3,4,5.0,10,8,medium,0.684931506849315,3,0
164,45,male,Argentina,7.5,3,0.9,6,2,medium,0.12000000000000001,3,0
165,19,non-binary,Peru,8.3,5,3.3,3,7,medium,0.3975903614457831,3,0
166,59,female,Peru,6.2,1,10.8,5,1,medium,1.7419354838709677,0,0
167,62,non-binary,Argentina,8.0,5,2.8,8,7,low,0.35,3,0
168,23,non-binary,Colombia,6.4,0,6.5,1,8,low,1.015625,0,0
169,45,non-binary,Chile,7.5,5,8.5,1,2,medium,1.1333333333333333,2,0
170,45,male,Mexico,6.0,2,2.9,7,9,low,0.48333333333333334,1,0
171,61,non-binary,Peru,5.6,6,6.5,5,1,high,1.1607142857142858,1,0
172,61,male,Spain,7.1,4,8.3,5,6,low,1.1690140845070425,2,0
173,37,male,Spain,4.2,6,6.0,1,1,medium,1.4285714285714286,2,0
174,47,male,Chile,6.6,4,13.2,9,3,medium,2.0,1,0
175,28,female,Spain,4.6,5,1.8,1,6,low,0.391304347826087,2,0
176,45,male,Colombia,8.2,1,8.6,5,3,medium,1.048780487804878,1,0
177,42,male,Spain,8.6,1,5.6,10,8,high,0.6511627906976744,2,0
178,56,female,Mexico,5.7,2,7.9,9,5,high,1.3859649122807018,0,0
179,50,male,Mexico,7.6,0,7.1,4,2,medium,0.9342105263157895,1,0
180,18,non-binary,Peru,8.3,5,4.2,8,4,high,0.5060240963855421,3,0
181,44,non-binary,Argentina,8.4,4,6.6,6,9,high,0.7857142857142856,2,0
182,30,male,Colombia,7.3,5,1.4,3,4,low,0.1917808219178082,3,0
183,58,female,Peru,8.1,2,7.5,4,10,high,0.9259259259259259,1,0
184,20,non-binary,Colombia,6.0,3,6.7,2,10,low,1.1166666666666667,1,0
185,56,female,Argentina,7.1,3,7.6,1,8,medium,1.0704225352112675,2,0
186,23,female,Spain,6.3,2,8.6,8,5,low,1.3650793650793651,0,0
187,25,non-binary,Spain,5.9,4,6.9,1,10,medium,1.1694915254237288,1,0
188,44,female,Argentina,7.1,6,6.4,1,1,medium,0.9014084507042255,2,0
189,26,non-binary,Peru,7.5,2,3.8,4,7,medium,0.5066666666666666,2,0
190,54,female,Argentina,8.7,4,4.2,10,3,medium,0.48275862068965525,3,0
191,50,non-binary,Chile,7.4,1,9.0,10,10,medium,1.2162162162162162,1,0
192,59,male,Mexico,8.0,2,9.6,6,8,low,1.2,1,0
193,61,non-binary,Peru,8.0,4,5.4,9,3,medium,0.675,3,0
194,41,non-binary,Colombia,11.0,2,6.1,1,1,high,0.5545454545454546,1,0
195,32,non-binary,Chile,4.3,2,3.7,7,5,high,0.8604651162790699,1,0
196,49,non-binary,Peru,6.0,6,8.9,10,2,medium,1.4833333333333334,1,0
197,49,female,Argentina,9.2,6,7.7,5,4,high,0.8369565217391305,2,0
198,41,male,Argentina,6.5,4,10.9,8,1,low,1.676923076923077,1,0
199,58,non-binary,Argentina,8.3,4,3.8,7,9,low,0.45783132530120474,3,0
200,29,female,Argentina,7.3,0,5.1,4,6,medium,0.6986301369863014,2,0
201,56,male,Colombia,10.2,2,6.6,4,8,medium,0.6470588235294118,1,0
202,19,male,Chile,5.3,3,7.6,6,4,medium,1.4339622641509433,1,0
203,20,male,Spain,8.8,2,5.5,6,9,high,0.625,2,0
204,54,male,Mexico,9.6,2,3.8,9,2,high,0.3958333333333333,2,0
205,34,non-binary,Colombia,5.5,4,8.2,5,9,low,1.4909090909090907,1,0
206,19,non-binary,Colombia,8.2,2,7.8,8,5,high,0.951219512195122,1,0
207,19,female,Spain,5.6,5,3.7,5,6,low,0.6607142857142858,2,0
208,45,female,Spain,7.0,2,9.4,2,3,high,1.342857142857143,1,0
209,40,female,Mexico,6.6,5,8.9,6,4,low,1.3484848484848486,1,0
210,54,male,Mexico,3.4,6,6.3,9,6,medium,1.8529411764705883,1,0
211,49,male,Spain,7.6,3,6.2,3,7,high,0.8157894736842106,2,0
212,50,non-binary,Argentina,7.2,4,7.4,1,1,low,1.027777777777778,2,0
213,18,male,Colombia,9.2,2,3.8,1,7,high,0.41304347826086957,2,0
214,36,male,Peru,7.9,5,6.1,3,1,medium,0.7721518987341771,2,0
215,19,male,Mexico,10.4,5,0.6,10,5,low,0.05769230769230769,3,0
216,61,female,Mexico,7.2,6,8.2,5,6,high,1.1388888888888888,2,0
217,43,female,Spain,6.8,5,2.1,3,2,high,0.3088235294117647,2,0
218,49,non-binary,Chile,6.7,1,9.8,9,10,medium,1.462686567164179,0,0
219,23,male,Peru,6.3,0,5.2,8,9,medium,0.8253968253968255,1,0
220,49,male,Peru,3.7,3,5.5,3,10,low,1.4864864864864864,2,0
221,21,non-binary,Mexico,6.7,6,4.4,9,6,high,0.6567164179104478,2,0
222,28,male,Argentina,3.9,6,5.3,6,7,high,1.358974358974359,2,0
223,34,male,Chile,7.7,2,9.5,7,10,medium,1.2337662337662338,1,0
225,41,non-binary,Mexico,5.7,2,9.2,4,10,low,1.6140350877192982,0,0
226,22,non-binary,Peru,6.0,2,6.8,2,1,high,1.1333333333333333,0,0
227,51,non-binary,Chile,6.7,4,3.0,5,8,high,0.44776119402985076,2,0
228,23,non-binary,Chile,7.0,4,3.3,8,4,low,0.4714285714285714,3,0
229,39,female,Colombia,8.6,4,10.2,7,10,low,1.1860465116279069,2,0
230,28,female,Spain,6.1,1,3.6,7,8,medium,0.5901639344262296,1,0
231,33,male,Spain,7.7,2,3.1,6,6,medium,0.4025974025974026,2,0
232,50,male,Mexico,11.1,0,8.8,3,9,low,0.7927927927927929,1,0
233,26,male,Chile,7.6,3,6.8,5,4,low,0.8947368421052632,2,0
234,23,male,Colombia,6.7,4,3.7,1,2,high,0.5522388059701493,2,0
235,33,female,Colombia,5.8,4,6.5,7,2,low,1.120689655172414,1,0
236,46,non-binary,Peru,6.7,6,3.4,9,5,low,0.5074626865671642,2,0
237,20,female,Peru,5.7,2,8.8,1,10,high,1.5438596491228072,0,0
238,37,male,Colombia,7.4,2,8.7,2,9,low,1.1756756756756754,1,0
239,53,female,Peru,7.2,1,7.3,3,3,medium,1.0138888888888888,1,0
240,36,non-binary,Chile,3.8,1,6.9,3,8,medium,1.8157894736842106,0,0
241,43,non-binary,Argentina,7.0,4,10.4,8,4,high,1.4857142857142858,2,0
242,20,female,Chile,8.6,2,6.0,7,6,low,0.6976744186046512,2,0
243,36,female,Colombia,6.4,0,3.0,6,10,medium,0.46875,1,0
244,37,female,Colombia,6.0,3,7.1,10,6,medium,1.1833333333333333,1,0
245,49,male,Chile,4.9,2,11.2,10,3,medium,2.2857142857142856,0,1
246,24,female,Peru,4.2,6,3.5,4,5,medium,0.8333333333333333,2,0
247,58,female,Peru,8.2,2,5.1,9,3,low,0.6219512195121951,2,0
248,50,female,Spain,6.7,5,7.0,1,1,low,1.044776119402985,1,0
249,57,non-binary,Colombia,8.2,1,5.9,2,7,low,0.7195121951219513,2,0
250,56,non-binary,Mexico,9.3,6,3.5,4,4,low,0.3763440860215054,3,0
251,35,male,Spain,8.4,3,8.8,3,7,medium,1.0476190476190477,2,0
252,57,male,Peru,6.2,4,11.8,1,3,high,1.903225806451613,1,0
253,18,non-binary,Chile,7.2,6,6.5,5,5,high,0.9027777777777778,2,0
254,28,non-binary,Peru,6.1,2,3.7,7,5,medium,0.6065573770491804,1,0
255,45,non-binary,Chile,5.9,4,2.1,2,2,medium,0.3559322033898305,2,0
256,42,female,Spain,7.5,2,6.6,5,10,high,0.88,1,0
257,40,female,Colombia,5.8,4,8.8,6,2,high,1.517241379310345,1,0
258,48,non-binary,Peru,3.7,3,7.2,7,4,medium,1.9459459459459458,1,0
259,47,female,Chile,5.7,1,6.0,1,4,medium,1.0526315789473684,1,0
260,59,female,Colombia,6.5,3,4.5,7,4,low,0.6923076923076923,2,0
261,52,male,Mexico,9.3,5,3.3,4,6,low,0.3548387096774193,3,0
262,24,non-binary,Chile,6.3,0,8.1,8,2,high,1.2857142857142856,0,0
263,33,non-binary,Spain,7.8,1,8.3,4,6,medium,1.0641025641025643,1,0
264,43,female,Mexico,6.7,3,2.1,6,7,high,0.31343283582089554,2,0
265,19,non-binary,Mexico,8.8,5,10.0,9,10,low,1.1363636363636362,2,0
266,18,male,Argentina,8.7,0,7.4,5,3,low,0.8505747126436782,1,0
267,29,male,Peru,8.8,5,9.5,4,8,high,1.0795454545454544,2,0
268,22,male,Chile,4.4,2,2.6,8,2,low,0.5909090909090908,1,0
269,54,non-binary,Mexico,7.3,2,2.6,9,8,medium,0.35616438356164387,2,0
270,49,non-binary,Argentina,8.1,4,5.6,4,5,high,0.691358024691358,3,0
271,26,non-binary,Spain,7.6,1,7.3,3,2,medium,0.9605263157894737,1,0
272,58,non-binary,Colombia,8.0,2,10.5,8,7,medium,1.3125,1,0
273,52,non-binary,Chile,7.1,6,7.8,5,2,low,1.0985915492957747,2,0
274,36,male,Mexico,5.9,5,5.4,2,6,medium,0.9152542372881356,2,0
275,33,female,Peru,4.5,1,3.4,10,10,high,0.7555555555555555,1,0
276,20,male,Argentina,6.0,6,9.1,9,3,medium,1.5166666666666666,1,0
277,37,non-binary,Mexico,11.0,2,3.6,3,9,medium,0.32727272727272727,2,0
278,41,male,Peru,6.3,4,10.1,2,3,medium,1.6031746031746033,1,0
279,50,non-binary,Mexico,4.1,3,5.3,1,3,medium,1.2926829268292683,2,0
280,41,non-binary,Chile,8.1,4,10.0,8,5,medium,1.234567901234568,2,0
281,28,male,Chile,8.3,6,7.7,3,7,low,0.927710843373494,2,0
282,25,non-binary,Chile,8.9,0,5.7,7,8,high,0.6404494382022472,2,0
283,53,female,Spain,7.7,2,4.7,1,7,low,0.6103896103896104,2,0
284,55,non-binary,Spain,8.3,6,5.1,1,9,high,0.6144578313253011,3,0
285,57,female,Argentina,9.8,0,7.1,9,5,high,0.7244897959183673,1,0
286,37,female,Chile,5.9,0,6.2,8,10,high,1.0508474576271185,0,0
287,52,non-binary,Peru,5.6,5,4.5,3,3,high,0.8035714285714286,2,0
288,42,male,Mexico,5.4,1,5.6,6,6,high,1.037037037037037,1,0
289,52,female,Colombia,6.6,5,6.2,3,5,medium,0.9393939393939394,1,0
290,42,male,Peru,9.2,2,0.7,4,4,low,0.07608695652173914,2,0
291,46,female,Spain,7.8,0,7.1,1,2,low,0.9102564102564102,1,0
292,35,non-binary,Spain,7.7,6,3.6,5,7,medium,0.4675324675324675,3,0
293,63,non-binary,Peru,4.3,3,3.1,1,5,high,0.7209302325581396,2,0
294,35,female,Spain,6.0,0,1.8,1,4,low,0.3,1,0
295,19,non-binary,Chile,4.2,6,1.5,10,8,medium,0.35714285714285715,2,0
296,52,female,Argentina,8.8,3,2.6,7,9,medium,0.2954545454545454,3,0
297,33,non-binary,Mexico,9.4,5,4.2,6,9,low,0.44680851063829785,3,0
298,58,male,Argentina,8.2,5,10.9,2,3,low,1.329268292682927,2,0
299,53,non-binary,Mexico,5.5,1,4.7,2,3,high,0.8545454545454546,1,0
300,50,male,Mexico,9.2,6,6.4,7,5,high,0.6956521739130436,2,0
301,21,non-binary,Argentina,6.6,0,7.0,1,5,low,1.0606060606060606,0,0
302,50,male,Peru,5.2,4,6.3,2,10,high,1.2115384615384615,1,0
303,31,non-binary,Mexico,5.6,5,5.8,8,2,medium,1.0357142857142858,2,0
304,38,male,Argentina,6.4,5,3.0,6,1,high,0.46875,2,0
305,37,female,Mexico,7.1,1,9.6,2,8,high,1.352112676056338,1,0
306,25,female,Colombia,6.8,3,10.5,7,3,medium,1.5441176470588236,1,0
307,24,male,Peru,4.9,1,1.8,4,1,high,0.36734693877551017,1,0
308,20,non-binary,Chile,8.8,0,3.4,2,1,medium,0.3863636363636363,2,0
309,34,male,Mexico,6.8,6,5.3,6,2,high,0.7794117647058824,2,0
310,50,non-binary,Colombia,5.9,2,3.6,9,6,low,0.6101694915254237,1,0
311,29,female,Chile,8.7,2,7.3,9,6,high,0.839080459770115,1,0
312,39,non-binary,Chile,5.2,6,4.2,8,3,low,0.8076923076923077,2,0
313,39,female,Mexico,4.6,3,11.4,3,4,low,2.4782608695652177,1,0
314,63,non-binary,Argentina,8.9,5,9.0,3,2,low,1.0112359550561798,2,0
315,47,non-binary,Mexico,9.8,3,6.5,2,2,low,0.6632653061224489,2,0
316,55,non-binary,Colombia,6.3,5,8.6,5,7,low,1.3650793650793651,1,0
317,55,male,Chile,6.9,5,8.8,4,1,medium,1.2753623188405798,1,0
318,62,male,Mexico,5.3,2,4.6,7,7,medium,0.8679245283018867,1,0
319,25,female,Argentina,7.0,3,4.0,4,1,medium,0.5714285714285714,3,0
320,44,female,Mexico,6.3,1,6.2,9,6,low,0.9841269841269842,0,0
321,44,male,Peru,6.8,5,8.2,2,3,high,1.2058823529411764,1,0
322,51,female,Argentina,7.6,4,6.3,6,8,medium,0.8289473684210527,2,0
323,38,male,Colombia,5.4,4,2.1,7,6,high,0.3888888888888889,2,0
324,47,non-binary,Chile,6.5,1,4.0,4,2,high,0.6153846153846154,1,0
325,50,female,Mexico,4.3,4,5.8,6,8,low,1.3488372093023255,2,0
326,45,female,Argentina,6.5,0,5.8,7,5,low,0.8923076923076922,1,0
327,64,male,Peru,6.9,5,10.9,4,8,low,1.5797101449275361,1,0
328,50,female,Argentina,7.3,1,2.5,8,8,medium,0.3424657534246575,2,0
329,22,female,Spain,7.4,3,7.3,9,6,low,0.9864864864864864,2,0
330,36,non-binary,Peru,8.4,5,9.7,1,2,medium,1.1547619047619047,2,0
331,21,female,Colombia,4.7,1,11.7,7,8,medium,2.4893617021276593,0,0
332,52,non-binary,Chile,4.8,2,5.0,9,6,medium,1.0416666666666667,1,0
333,34,male,Colombia,7.8,3,7.2,10,6,medium,0.9230769230769231,2,0
334,61,female,Mexico,3.9,2,7.4,5,8,low,1.8974358974358976,0,0
335,45,non-binary,Argentina,7.3,5,6.5,2,1,medium,0.8904109589041096,2,0
336,47,male,Spain,5.2,3,5.8,10,2,low,1.1153846153846154,2,0
337,46,female,Peru,9.4,4,7.1,6,9,low,0.7553191489361701,2,0
339,23,female,Argentina,6.7,5,7.7,2,7,low,1.1492537313432836,1,0
340,52,male,Spain,8.8,0,6.3,2,7,high,0.7159090909090908,1,0
341,58,male,Argentina,5.4,3,5.4,10,5,low,1.0,2,0
342,54,non-binary,Mexico,5.7,3,11.1,10,2,low,1.9473684210526314,1,1
343,41,male,Colombia,5.1,6,4.3,1,6,medium,0.8431372549019608,2,0
344,46,female,Peru,5.7,5,5.0,4,10,medium,0.8771929824561403,2,0
345,63,female,Mexico,7.1,5,11.0,7,3,low,1.5492957746478875,2,0
346,48,non-binary,Colombia,7.7,2,3.9,9,4,medium,0.5064935064935064,2,0
347,52,female,Mexico,8.4,6,4.6,3,10,high,0.5476190476190476,3,0
348,50,female,Spain,4.3,4,5.6,7,2,high,1.3023255813953487,2,0
349,38,female,Peru,6.7,2,8.1,7,2,medium,1.208955223880597,0,0
350,49,male,Argentina,5.3,6,6.5,7,8,low,1.2264150943396226,1,0
351,40,male,Argentina,6.7,2,2.8,2,8,high,0.417910447761194,1,0
352,50,female,Colombia,10.5,4,4.7,6,10,high,0.44761904761904764,3,0
353,20,non-binary,Chile,7.4,6,4.5,2,6,low,0.6081081081081081,3,0
354,35,male,Spain,8.3,6,5.8,6,5,medium,0.6987951807228915,3,0
355,42,non-binary,Colombia,9.9,0,7.1,10,8,high,0.7171717171717171,1,0
356,59,female,Chile,8.7,2,7.0,3,4,low,0.8045977011494253,1,0
357,48,female,Mexico,6.3,2,1.6,2,4,low,0.253968253968254,1,0
358,20,male,Spain,5.1,3,8.7,6,5,high,1.7058823529411764,1,0
359,57,female,Mexico,7.0,4,6.6,2,1,medium,0.9428571428571428,2,0
360,63,male,Peru,6.1,1,9.5,5,1,high,1.557377049180328,0,0
361,41,female,Spain,4.7,0,7.1,2,2,low,1.5106382978723403,0,0
362,49,female,Chile,7.4,6,8.8,3,8,high,1.1891891891891893,2,0
363,64,male,Peru,7.4,6,7.2,3,7,medium,0.9729729729729729,2,0
364,39,male,Argentina,9.7,6,9.4,6,10,low,0.9690721649484537,2,0
365,40,male,Chile,6.5,0,7.3,6,9,medium,1.123076923076923,0,0
366,19,female,Colombia,7.4,6,5.8,10,5,high,0.7837837837837838,3,0
367,44,female,Argentina,6.0,6,11.7,3,2,high,1.95,1,0
368,59,non-binary,Argentina,8.3,4,8.2,3,7,medium,0.9879518072289155,2,0
369,19,male,Colombia,6.8,5,7.4,1,8,high,1.0882352941176472,1,0
370,43,female,Spain,5.2,5,2.8,7,7,medium,0.5384615384615384,2,0
371,34,female,Argentina,7.0,3,2.8,8,7,high,0.39999999999999997,3,0
372,57,male,Chile,7.6,3,6.7,2,5,medium,0.8815789473684211,2,0
373,50,non-binary,Peru,7.4,6,6.4,4,2,medium,0.8648648648648649,2,0
374,26,male,Argentina,8.6,4,4.5,10,6,low,0.5232558139534884,3,0
375,60,non-binary,Chile,4.8,6,6.4,7,4,low,1.3333333333333335,1,0
376,56,female,Mexico,5.7,3,10.0,8,10,medium,1.7543859649122806,1,1
377,46,non-binary,Chile,8.0,0,7.7,1,2,high,0.9625,1,0
378,59,female,Peru,5.9,0,3.1,4,9,high,0.5254237288135593,1,0
379,43,male,Chile,7.4,1,5.7,6,7,high,0.7702702702702703,2,0
380,52,male,Colombia,3.4,5,4.0,3,6,medium,1.1764705882352942,2,0
381,42,male,Peru,11.1,4,5.0,5,5,medium,0.45045045045045046,3,0
382,41,non-binary,Spain,6.6,2,5.0,10,3,medium,0.7575757575757576,1,0
383,30,female,Mexico,8.8,5,4.8,9,10,medium,0.5454545454545454,3,0
384,24,male,Colombia,6.5,2,2.9,3,10,low,0.4461538461538461,1,0
385,53,male,Spain,7.6,1,5.7,5,4,medium,0.7500000000000001,2,0
386,62,female,Chile,9.2,1,4.6,8,3,high,0.5,2,0
388,18,female,Mexico,6.7,3,11.1,4,3,high,1.6567164179104477,1,0
389,25,female,Colombia,6.8,1,8.7,8,7,medium,1.2794117647058822,0,0
390,63,female,Spain,8.5,1,5.1,3,7,low,0.6,2,0
391,33,female,Spain,10.5,2,6.0,3,7,medium,0.5714285714285714,2,0
392,31,female,Mexico,7.3,3,3.1,4,7,low,0.4246575342465754,3,0
393,29,non-binary,Chile,9.9,1,10.2,9,2,high,1.0303030303030303,1,0
394,40,male,Mexico,6.6,5,10.7,5,10,medium,1.621212121212121,1,0
395,32,non-binary,Spain,8.4,1,6.4,8,3,medium,0.7619047619047619,1,0
396,45,male,Argentina,8.7,3,8.6,6,10,low,0.9885057471264368,2,0
397,51,non-binary,Colombia,6.4,6,6.4,3,9,low,1.0,1,0
398,19,female,Mexico,5.9,4,2.7,8,3,medium,0.4576271186440678,2,0
399,49,male,Spain,8.7,3,5.0,9,2,low,0.574712643678161,3,0
400,40,male,Chile,6.2,2,6.3,8,9,medium,1.0161290322580645,0,0
401,39,non-binary,Spain,5.7,4,4.9,4,10,low,0.8596491228070176,2,0
402,42,non-binary,Chile,6.0,5,5.5,6,9,high,0.9166666666666666,2,0
403,39,male,Mexico,6.2,0,5.8,1,4,low,0.9354838709677419,1,0
404,39,non-binary,Chile,8.3,3,5.8,4,9,high,0.6987951807228915,3,0
405,59,non-binary,Peru,7.8,6,6.1,8,3,low,0.782051282051282,2,0
406,23,non-binary,Peru,8.1,2,3.3,1,7,low,0.4074074074074074,2,0
407,32,female,Peru,7.6,5,4.2,3,7,medium,0.5526315789473685,3,0
408,60,female,Argentina,6.1,4,2.8,1,8,low,0.45901639344262296,2,0
409,54,non-binary,Mexico,8.0,5,8.4,9,10,low,1.05,2,0
410,50,non-binary,Spain,8.8,3,0.7,2,4,high,0.07954545454545453,3,0
411,25,female,Spain,7.9,1,8.9,9,3,low,1.1265822784810127,1,0
412,61,female,Argentina,7.7,6,9.5,4,3,medium,1.2337662337662338,2,0
413,61,male,Chile,5.8,3,5.2,2,5,high,0.896551724137931,2,0
415,56,female,Chile,5.8,3,5.1,10,10,medium,0.8793103448275862,2,0
416,21,non-binary,Chile,7.0,4,5.8,6,3,medium,0.8285714285714285,3,0
417,23,non-binary,Colombia,4.5,4,3.5,7,6,medium,0.7777777777777778,2,0
418,62,non-binary,Spain,4.6,3,4.7,3,3,high,1.0217391304347827,2,0
419,49,non-binary,Peru,6.7,4,9.8,3,5,low,1.462686567164179,1,0
420,47,male,Chile,6.2,1,7.7,10,9,medium,1.2419354838709677,0,0
421,64,female,Colombia,7.2,5,3.7,8,2,high,0.513888888888889,3,0
422,52,non-binary,Spain,6.8,3,2.0,5,2,medium,0.29411764705882354,2,0
423,57,male,Peru,7.0,6,5.2,4,6,low,0.7428571428571429,3,0
424,33,non-binary,Chile,7.9,1,5.5,7,6,high,0.6962025316455696,2,0
425,30,female,Chile,6.3,5,7.2,7,8,high,1.142857142857143,1,0
426,59,male,Argentina,6.7,6,4.7,9,2,low,0.7014925373134329,2,0
427,47,female,Argentina,9.2,6,7.3,9,9,high,0.7934782608695653,2,0
428,36,female,Spain,7.0,6,10.8,5,2,low,1.542857142857143,2,0
429,34,male,Peru,6.7,5,8.0,8,1,high,1.1940298507462686,1,0
430,36,male,Chile,7.1,1,5.9,10,10,high,0.8309859154929579,2,0
431,45,male,Spain,6.8,6,5.5,1,2,low,0.8088235294117647,2,0
432,43,male,Spain,5.9,6,5.1,9,7,low,0.8644067796610169,2,0
433,54,male,Mexico,5.5,2,9.0,8,8,high,1.6363636363636365,0,1
434,43,male,Argentina,5.9,3,4.4,6,5,high,0.7457627118644068,2,0
435,40,male,Peru,8.3,5,6.1,3,6,low,0.7349397590361445,2,0
436,26,non-binary,Chile,6.1,5,6.1,3,1,low,1.0,1,0
437,29,female,Spain,6.8,4,4.7,8,6,high,0.6911764705882354,2,0
438,18,male,Chile,8.1,5,2.6,5,8,high,0.3209876543209877,3,0
439,18,non-binary,Mexico,6.6,1,6.8,10,3,high,1.0303030303030303,0,0
440,64,non-binary,Peru,8.0,5,5.8,7,1,low,0.725,3,0
441,51,non-binary,Spain,4.7,2,7.3,5,4,high,1.553191489361702,0,0
442,49,female,Chile,6.8,3,4.7,8,1,medium,0.6911764705882354,2,0
443,42,male,Argentina,7.1,3,9.1,10,8,low,1.2816901408450705,2,0
444,57,non-binary,Mexico,7.0,5,3.8,10,5,high,0.5428571428571428,3,0
445,62,female,Peru,4.5,6,10.3,4,1,low,2.288888888888889,1,0
446,18,female,Mexico,8.8,0,1.6,2,8,medium,0.18181818181818182,2,0
447,33,female,Argentina,5.7,0,7.1,3,9,low,1.2456140350877192,0,0
448,56,non-binary,Peru,7.5,6,7.2,8,10,high,0.9600000000000001,2,0
449,22,male,Mexico,7.0,6,4.0,7,2,medium,0.5714285714285714,3,0
450,39,non-binary,Colombia,8.5,6,7.1,2,9,medium,0.8352941176470587,2,0
451,46,non-binary,Argentina,10.3,1,9.2,6,8,high,0.8932038834951455,1,0
452,20,male,Argentina,5.1,0,0.5,9,7,high,0.09803921568627452,1,0
453,29,male,Argentina,6.0,6,7.3,4,3,high,1.2166666666666666,1,0
455,33,female,Colombia,5.3,4,3.6,2,7,low,0.679245283018868,2,0
456,54,male,Chile,8.2,1,10.1,2,5,low,1.2317073170731707,1,0
457,39,non-binary,Spain,8.3,0,4.5,9,6,high,0.5421686746987951,2,0
458,46,male,Mexico,7.8,5,3.1,7,4,high,0.39743589743589747,3,0
459,31,non-binary,Chile,7.4,4,5.5,7,2,low,0.7432432432432432,3,0
460,45,female,Mexico,9.1,0,11.2,1,9,medium,1.2307692307692308,1,0
461,22,non-binary,Spain,5.3,1,1.4,6,3,low,0.2641509433962264,1,0
462,64,non-binary,Colombia,7.1,2,3.4,7,7,medium,0.47887323943661975,2,0
463,47,male,Spain,5.9,3,9.7,6,8,high,1.6440677966101693,1,0
464,63,male,Colombia,8.3,0,10.6,6,2,high,1.2771084337349397,1,0
465,22,non-binary,Spain,4.2,6,5.7,2,6,low,1.3571428571428572,2,0
466,29,male,Chile,7.0,1,2.9,6,8,low,0.41428571428571426,2,0
467,33,female,Peru,7.5,6,11.2,4,7,high,1.4933333333333332,2,0
468,43,female,Chile,5.6,6,10.0,9,3,low,1.7857142857142858,1,1
469,43,male,Mexico,6.1,6,7.7,1,1,high,1.2622950819672132,1,0
470,38,female,Chile,7.0,6,4.0,8,6,high,0.5714285714285714,3,0
471,56,male,Argentina,8.4,6,5.9,5,8,medium,0.7023809523809524,3,0
472,53,non-binary,Mexico,5.5,4,5.6,1,6,low,1.018181818181818,2,0
473,50,non-binary,Spain,5.7,0,6.8,4,5,high,1.1929824561403508,0,0
474,47,female,Mexico,8.7,0,9.6,1,8,low,1.103448275862069,1,0
475,54,male,Peru,6.6,3,8.2,6,2,medium,1.2424242424242424,1,0
476,40,male,Colombia,5.8,1,3.3,2,1,medium,0.5689655172413793,1,0
477,27,female,Spain,8.1,2,9.4,5,1,low,1.1604938271604939,1,0
478,22,non-binary,Mexico,6.3,4,6.8,7,4,low,1.0793650793650793,1,0
479,53,female,Spain,8.5,1,7.7,2,6,high,0.9058823529411765,1,0
480,51,non-binary,Spain,6.0,4,9.7,6,9,medium,1.6166666666666665,1,0
481,48,male,Spain,6.8,0,3.2,6,1,medium,0.4705882352941177,1,0
482,27,non-binary,Colombia,8.4,6,5.9,5,1,medium,0.7023809523809524,3,0
483,36,female,Chile,6.7,3,4.7,5,5,low,0.7014925373134329,2,0
484,49,male,Spain,8.1,3,2.1,3,10,high,0.2592592592592593,3,0
485,18,female,Argentina,6.9,5,6.9,10,5,low,1.0,1,0
486,22,female,Peru,10.0,2,12.3,10,5,low,1.23,1,0
487,62,non-binary,Colombia,9.4,3,1.4,2,10,low,0.14893617021276595,3,0
488,21,female,Mexico,5.0,6,5.9,7,6,high,1.1800000000000002,2,0
489,33,non-binary,Colombia,7.8,0,7.6,1,8,low,0.9743589743589743,1,0
490,41,male,Mexico,5.8,2,6.3,6,3,medium,1.0862068965517242,0,0
491,33,non-binary,Colombia,7.3,1,5.7,6,9,medium,0.7808219178082192,2,0
492,19,male,Mexico,7.1,6,2.8,3,1,medium,0.39436619718309857,3,0
493,45,non-binary,Spain,5.4,6,6.6,2,4,high,1.222222222222222,1,0
494,49,female,Chile,8.6,3,4.1,2,9,low,0.4767441860465116,3,0
495,44,non-binary,Mexico,7.3,2,0.5,9,8,high,0.0684931506849315,2,0
496,37,non-binary,Mexico,6.6,0,9.0,5,10,low,1.3636363636363638,0,0
497,41,male,Argentina,6.3,5,8.4,7,9,medium,1.3333333333333335,1,0
498,29,female,Mexico,7.2,4,6.1,5,1,low,0.8472222222222221,2,0
499,52,non-binary,Argentina,7.6,4,6.6,7,9,low,0.868421052631579,2,0
500,50,female,Peru,6.8,0,8.7,4,3,low,1.2794117647058822,0,0
501,50,non-binary,Spain,2.8,0,6.6,8,10,high,2.357142857142857,0,0
502,60,non-binary,Argentina,7.0,4,8.3,10,9,low,1.1857142857142857,2,0
503,54,female,Chile,4.8,5,5.3,10,1,low,1.1041666666666667,2,0
504,29,non-binary,Spain,6.7,2,9.3,7,1,low,1.3880597014925373,0,0
505,20,female,Argentina,4.9,4,6.8,10,9,high,1.387755102040816,1,0
506,18,non-binary,Spain,4.9,0,6.5,5,6,high,1.3265306122448979,0,0
507,50,male,Spain,8.9,3,2.8,6,4,high,0.3146067415730337,3,0
508,57,female,Spain,6.5,1,6.7,5,7,low,1.0307692307692309,0,0
509,27,non-binary,Peru,6.4,5,3.9,7,5,medium,0.609375,2,0
510,60,non-binary,Chile,7.7,6,4.4,2,10,medium,0.5714285714285715,3,0
511,61,male,Colombia,6.4,5,4.0,5,7,medium,0.625,2,0
512,46,female,Colombia,10.2,3,3.3,10,8,low,0.3235294117647059,3,0
513,30,non-binary,Argentina,6.6,3,11.3,3,8,medium,1.7121212121212124,1,0
514,29,male,Spain,7.5,6,9.3,9,1,medium,1.24,2,0
515,48,non-binary,Argentina,8.5,0,10.8,6,8,medium,1.2705882352941178,1,0
516,63,female,Peru,9.4,4,2.9,10,6,low,0.30851063829787234,3,0
517,19,non-binary,Peru,5.9,2,6.2,3,4,medium,1.0508474576271185,0,0
518,52,non-binary,Mexico,6.4,5,2.8,7,8,medium,0.43749999999999994,2,0
519,40,non-binary,Peru,8.9,6,4.3,4,3,low,0.4831460674157303,3,0
520,34,non-binary,Mexico,8.2,5,3.7,3,4,high,0.451219512195122,3,0
521,43,male,Chile,8.6,3,9.1,8,6,medium,1.058139534883721,2,0
522,25,male,Argentina,4.9,4,5.0,4,7,high,1.0204081632653061,2,0
523,46,female,Chile,9.3,5,8.7,1,4,medium,0.9354838709677418,2,0
524,43,male,Peru,5.9,2,7.5,6,4,low,1.271186440677966,0,0
525,27,male,Chile,7.3,3,11.8,10,7,high,1.6164383561643838,2,0
526,43,female,Chile,6.8,2,2.3,1,6,high,0.338235294117647,1,0
527,51,male,Chile,5.7,4,9.1,5,8,high,1.5964912280701753,1,0
528,58,male,Peru,4.9,5,8.9,7,1,high,1.816326530612245,1,0
529,24,female,Spain,4.4,1,3.6,6,10,medium,0.8181818181818181,1,0
530,21,female,Chile,7.2,5,8.5,2,7,medium,1.1805555555555556,2,0
531,62,female,Mexico,4.7,4,6.8,4,7,high,1.4468085106382977,1,0
532,28,non-binary,Peru,5.3,5,5.4,2,7,medium,1.0188679245283019,2,0
533,46,non-binary,Chile,6.7,6,3.9,1,7,high,0.582089552238806,2,0
534,53,female,Spain,3.0,5,4.2,3,10,high,1.4000000000000001,2,0
535,42,female,Peru,8.2,0,11.1,3,10,low,1.353658536585366,1,0
536,38,female,Colombia,3.4,5,6.0,7,8,high,1.7647058823529411,2,0
537,53,non-binary,Spain,6.9,5,8.0,1,9,medium,1.1594202898550725,1,0
538,27,non-binary,Mexico,7.0,2,4.0,9,9,high,0.5714285714285714,2,0
539,54,male,Chile,7.8,1,4.1,6,2,low,0.5256410256410257,2,0
540,26,male,Colombia,6.9,2,8.7,4,7,medium,1.2608695652173911,0,0
541,41,female,Colombia,10.0,2,2.6,3,7,low,0.26,2,0
542,52,non-binary,Peru,7.3,3,5.0,3,4,low,0.684931506849315,3,0
543,52,non-binary,Colombia,8.6,0,6.1,2,9,high,0.7093023255813954,1,0
544,53,non-binary,Mexico,5.9,2,6.3,2,8,low,1.0677966101694913,0,0
545,35,female,Mexico,7.2,6,5.6,10,1,low,0.7777777777777777,3,0
546,56,male,Argentina,9.3,4,7.0,5,2,medium,0.7526881720430108,2,0
547,49,female,Mexico,6.6,6,7.7,9,2,low,1.1666666666666667,1,0
548,41,male,Spain,7.3,4,7.8,2,8,high,1.0684931506849316,2,0
549,40,male,Colombia,8.5,5,3.5,2,1,high,0.4117647058823529,3,0
550,49,female,Mexico,5.9,3,5.3,6,4,high,0.8983050847457626,2,0
551,54,male,Peru,3.8,0,9.0,10,10,low,2.368421052631579,0,1
552,29,male,Argentina,7.4,6,8.2,2,5,medium,1.108108108108108,2,0
553,30,non-binary,Colombia,8.5,0,2.6,4,9,high,0.3058823529411765,2,0
554,40,male,Argentina,5.0,6,6.9,6,7,low,1.3800000000000001,1,0
555,42,female,Colombia,8.0,5,1.1,5,8,high,0.1375,3,0
556,52,female,Peru,8.0,4,6.1,1,9,high,0.7625,2,0
557,58,male,Argentina,3.6,1,10.7,6,7,medium,2.972222222222222,0,0
558,47,non-binary,Chile,5.6,3,3.6,1,5,high,0.6428571428571429,2,0
559,34,non-binary,Spain,6.4,6,3.9,3,5,medium,0.609375,2,0
560,37,male,Spain,6.7,6,7.9,10,10,low,1.1791044776119404,1,0
561,42,male,Colombia,5.9,5,2.1,5,6,high,0.3559322033898305,2,0
562,39,female,Chile,5.8,3,4.4,10,5,low,0.7586206896551725,2,0
563,30,male,Argentina,9.5,4,7.5,5,9,low,0.7894736842105263,2,0
564,36,non-binary,Chile,6.8,4,4.4,10,3,low,0.6470588235294118,2,0
565,53,male,Chile,6.0,6,5.4,6,3,high,0.9,2,0
566,29,female,Argentina,6.9,1,7.9,10,7,medium,1.144927536231884,0,0
567,58,female,Peru,7.8,1,7.1,8,7,high,0.9102564102564102,1,0
568,36,female,Chile,7.1,0,6.7,5,6,low,0.943661971830986,1,0
569,29,female,Chile,6.7,3,5.2,1,3,medium,0.7761194029850746,2,0
570,26,female,Peru,6.0,3,6.9,5,7,low,1.1500000000000001,1,0
571,24,male,Chile,6.0,4,5.7,3,5,medium,0.9500000000000001,2,0
572,45,male,Chile,6.1,0,7.1,4,7,high,1.1639344262295082,0,0
573,31,male,Chile,7.5,5,4.8,8,2,medium,0.64,3,0
574,48,male,Spain,5.5,3,5.5,7,6,high,1.0,2,0
575,36,female,Mexico,7.6,0,3.5,5,8,low,0.46052631578947373,2,0
576,64,non-binary,Peru,9.1,0,5.9,2,1,medium,0.6483516483516484,2,0
577,33,male,Chile,7.5,6,4.0,6,4,low,0.5333333333333333,3,0
578,22,non-binary,Spain,6.4,4,3.2,6,1,medium,0.5,2,0
579,52,male,Peru,5.1,0,6.6,10,1,high,1.2941176470588236,0,0
580,29,male,Colombia,9.4,1,6.5,10,10,medium,0.6914893617021276,1,0
581,42,non-binary,Colombia,5.2,1,8.0,6,8,medium,1.5384615384615383,0,0
582,38,female,Chile,8.3,2,4.9,9,7,high,0.5903614457831325,2,0
583,53,male,Spain,8.0,4,7.0,8,10,high,0.875,2,0
584,40,male,Spain,6.6,6,7.4,8,1,high,1.1212121212121213,1,0
585,33,male,Peru,6.6,5,7.1,1,2,medium,1.0757575757575757,1,0
586,56,non-binary,Peru,4.2,2,3.9,5,4,low,0.9285714285714285,1,0
587,62,female,Spain,7.5,1,6.4,7,1,medium,0.8533333333333334,1,0
588,59,non-binary,Peru,7.9,6,6.9,6,3,medium,0.8734177215189873,2,0
589,56,non-binary,Spain,5.4,2,6.0,5,8,low,1.111111111111111,1,0
590,31,female,Mexico,6.8,4,0.8,8,8,high,0.11764705882352942,2,0
591,48,non-binary,Spain,7.1,6,6.4,3,8,medium,0.9014084507042255,2,0
592,22,female,Colombia,7.9,4,11.5,6,6,low,1.4556962025316456,2,0
593,52,male,Peru,7.0,0,5.1,5,6,high,0.7285714285714285,2,0
594,40,female,Spain,4.6,3,4.2,8,5,high,0.9130434782608696,2,0
595,46,male,Spain,6.2,0,6.9,4,9,medium,1.1129032258064517,0,0
596,60,non-binary,Peru,7.3,4,6.8,8,4,high,0.9315068493150684,2,0
597,28,non-binary,Mexico,8.3,6,9.0,10,10,high,1.0843373493975903,2,0
598,35,male,Mexico,6.1,1,2.9,2,7,low,0.4754098360655738,1,0
599,64,non-binary,Peru,10.3,5,7.8,9,1,low,0.7572815533980581,2,0
600,29,female,Argentina,4.2,1,7.5,9,9,high,1.7857142857142856,0,0
601,26,male,Peru,6.2,6,5.6,10,7,low,0.9032258064516128,2,0
602,27,non-binary,Peru,6.9,0,6.8,10,10,high,0.9855072463768115,0,0
603,61,male,Mexico,6.7,5,8.6,6,9,medium,1.2835820895522387,1,0
604,34,female,Mexico,5.2,6,8.2,4,7,low,1.5769230769230766,1,0
605,55,female,Peru,7.7,4,3.1,4,2,high,0.4025974025974026,3,0
606,24,non-binary,Peru,7.6,1,8.1,6,6,high,1.0657894736842106,1,0
607,63,female,Peru,7.1,4,5.8,5,10,low,0.8169014084507042,3,0
608,30,male,Mexico,7.5,5,6.2,6,4,low,0.8266666666666667,2,0
609,57,female,Peru,6.4,5,6.2,7,3,medium,0.96875,1,0
610,59,male,Peru,4.6,1,5.6,7,2,high,1.2173913043478262,1,0
611,26,male,Chile,5.9,4,9.0,9,6,medium,1.5254237288135593,1,1
612,44,female,Argentina,7.2,2,5.8,8,8,medium,0.8055555555555555,2,0
613,19,non-binary,Colombia,7.2,4,3.2,6,6,medium,0.4444444444444445,3,0
614,22,female,Argentina,7.1,5,5.0,6,9,low,0.7042253521126761,3,0
615,46,male,Chile,7.8,4,6.4,5,5,medium,0.8205128205128206,2,0
616,54,male,Colombia,6.1,6,9.1,1,2,low,1.4918032786885247,1,0
617,55,female,Peru,7.0,0,7.5,9,8,low,1.0714285714285714,1,0
618,36,non-binary,Chile,7.9,2,3.9,9,9,medium,0.49367088607594933,2,0
619,25,non-binary,Peru,6.9,3,12.2,9,10,medium,1.7681159420289854,1,0
620,62,male,Mexico,5.1,6,6.7,8,4,high,1.3137254901960786,1,0
621,18,male,Spain,5.6,0,9.2,10,6,medium,1.6428571428571428,0,1
622,39,non-binary,Chile,8.2,3,5.6,3,10,high,0.6829268292682927,3,0
623,34,female,Mexico,9.1,1,7.3,1,8,medium,0.8021978021978022,1,0
624,24,male,Chile,8.8,3,8.1,8,9,medium,0.9204545454545453,2,0
625,42,male,Chile,7.3,6,9.0,7,5,medium,1.2328767123287672,2,0
626,62,non-binary,Mexico,5.2,4,8.6,5,6,medium,1.6538461538461537,1,0
627,21,female,Colombia,7.0,6,8.2,10,4,high,1.1714285714285713,2,0
628,53,non-binary,Argentina,9.3,3,5.2,7,5,high,0.5591397849462365,3,0
629,23,female,Peru,7.9,5,4.6,10,7,medium,0.5822784810126581,3,0
630,48,female,Chile,6.7,0,6.8,4,9,medium,1.0149253731343284,0,0
631,36,female,Peru,7.9,0,8.3,9,10,high,1.0506329113924051,1,0
632,61,male,Spain,5.1,3,5.4,10,6,low,1.058823529411765,2,0
633,56,non-binary,Mexico,6.0,0,8.7,2,6,low,1.45,0,0
634,44,non-binary,Peru,5.4,5,9.6,9,8,low,1.7777777777777777,1,1
635,27,female,Mexico,7.7,6,3.7,9,4,high,0.4805194805194805,3,0
636,43,male,Peru,8.1,0,3.9,5,3,high,0.4814814814814815,2,0
637,36,male,Argentina,6.8,3,5.6,1,7,low,0.8235294117647058,2,0
638,56,non-binary,Argentina,5.7,2,6.8,7,5,low,1.1929824561403508,0,0
639,20,male,Argentina,7.0,2,4.7,10,2,medium,0.6714285714285715,2,0
640,62,male,Argentina,6.3,1,9.4,10,2,high,1.492063492063492,0,0
641,30,female,Argentina,5.8,0,7.1,4,6,high,1.2241379310344827,0,0
642,45,male,Argentina,7.5,6,6.1,9,8,low,0.8133333333333332,2,0
643,37,female,Mexico,5.9,3,2.4,6,1,low,0.4067796610169491,2,0
644,45,non-binary,Chile,4.7,0,2.7,3,6,high,0.574468085106383,1,0
645,25,male,Peru,5.0,4,6.7,6,2,medium,1.34,1,0
646,58,non-binary,Argentina,4.6,5,0.7,10,2,low,0.15217391304347827,2,0
647,56,non-binary,Mexico,7.4,0,8.5,6,7,high,1.1486486486486487,1,0
648,18,male,Mexico,7.2,0,5.6,5,10,high,0.7777777777777777,2,0
649,20,male,Mexico,7.2,2,14.1,2,1,medium,1.9583333333333333,1,0
650,30,non-binary,Chile,7.9,5,11.8,10,6,medium,1.4936708860759493,2,0
651,45,male,Peru,8.8,3,5.5,10,7,low,0.625,3,0
652,42,female,Chile,6.1,0,5.7,2,8,low,0.9344262295081968,1,0
653,50,female,Colombia,7.6,2,8.5,7,7,low,1.118421052631579,1,0
654,55,male,Mexico,4.6,1,10.3,2,6,high,2.239130434782609,0,0
655,23,non-binary,Colombia,9.1,5,1.9,6,9,low,0.2087912087912088,3,0
656,61,male,Spain,5.1,2,1.5,5,3,high,0.29411764705882354,1,0
657,62,male,Argentina,5.9,2,4.4,4,6,low,0.7457627118644068,1,0
658,49,non-binary,Argentina,6.1,6,7.5,7,4,medium,1.2295081967213115,1,0
659,62,non-binary,Chile,4.7,2,7.2,8,2,medium,1.5319148936170213,0,0
660,64,female,Peru,7.0,6,8.7,4,1,high,1.2428571428571427,2,0
661,38,non-binary,Colombia,7.3,0,3.0,1,1,medium,0.4109589041095891,2,0
662,33,female,Peru,6.7,0,0.2,1,10,high,0.029850746268656716,1,0
663,38,non-binary,Chile,4.7,1,8.1,1,3,high,1.7234042553191489,0,0
664,28,male,Argentina,10.0,4,3.9,1,4,medium,0.39,3,0
665,54,female,Peru,7.8,4,1.0,5,2,high,0.12820512820512822,3,0
666,53,female,Peru,11.0,4,6.4,4,1,medium,0.5818181818181819,2,0
667,52,female,Argentina,5.8,6,8.0,9,4,low,1.3793103448275863,1,0
668,36,male,Colombia,8.4,5,5.7,3,7,low,0.6785714285714286,3,0
669,37,male,Argentina,8.2,5,4.9,7,10,medium,0.5975609756097562,3,0
670,35,male,Peru,6.6,1,5.6,8,6,medium,0.8484848484848485,1,0
671,64,male,Colombia,9.1,5,5.1,6,6,medium,0.5604395604395604,3,0
672,58,male,Colombia,6.4,4,2.6,10,9,medium,0.40625,2,0
673,31,female,Argentina,6.5,4,4.2,1,2,low,0.6461538461538462,2,0
674,32,male,Peru,1.8,2,7.3,8,4,high,4.055555555555555,0,0
675,48,female,Chile,7.6,5,6.8,10,5,high,0.8947368421052632,2,0
676,18,male,Peru,5.0,0,6.4,3,1,low,1.28,0,0
677,20,non-binary,Mexico,6.2,0,3.5,8,8,high,0.564516129032258,1,0
678,33,female,Spain,5.5,2,5.5,4,8,low,1.0,1,0
679,40,non-binary,Chile,6.5,2,0.6,8,6,high,0.0923076923076923,1,0
680,28,female,Colombia,7.7,2,6.4,1,5,medium,0.8311688311688312,1,0
681,29,non-binary,Chile,7.0,0,9.6,3,8,medium,1.3714285714285714,1,0
682,27,male,Colombia,8.1,4,2.3,6,3,medium,0.2839506172839506,3,0
683,49,male,Colombia,8.9,2,4.5,9,3,low,0.5056179775280899,2,0
684,33,male,Chile,6.4,1,6.8,2,2,low,1.0625,0,0
685,25,female,Colombia,6.3,6,9.1,1,5,high,1.4444444444444444,1,0
686,55,non-binary,Colombia,8.4,2,4.9,10,3,high,0.5833333333333334,2,0
687,29,male,Mexico,8.6,6,4.3,3,3,high,0.5,3,0
688,41,non-binary,Peru,8.1,3,1.1,4,6,low,0.1358024691358025,3,0
689,45,non-binary,Peru,5.6,2,6.3,5,8,high,1.125,0,0
690,25,male,Spain,7.6,0,11.1,3,2,medium,1.4605263157894737,1,0
691,45,male,Spain,7.2,5,6.7,10,4,high,0.9305555555555556,2,0
692,53,non-binary,Mexico,8.6,2,5.9,2,7,medium,0.6860465116279071,2,0
693,43,male,Spain,6.1,5,6.8,2,1,low,1.1147540983606559,1,0
694,25,male,Chile,4.5,3,6.0,7,1,medium,1.3333333333333333,2,0
695,45,male,Argentina,8.0,1,4.0,9,10,medium,0.5,2,0
696,45,female,Argentina,3.2,5,8.1,10,7,medium,2.5312499999999996,1,1
697,54,non-binary,Argentina,5.9,6,6.6,2,7,low,1.11864406779661,1,0
698,58,non-binary,Mexico,5.5,4,6.0,7,1,low,1.0909090909090908,2,0
699,53,female,Mexico,5.5,2,3.6,7,1,low,0.6545454545454545,1,0
700,44,non-binary,Colombia,5.9,3,9.3,7,4,low,1.576271186440678,1,0
701,34,male,Argentina,8.8,3,7.7,3,5,high,0.875,2,0
702,26,non-binary,Chile,8.2,5,4.6,7,5,low,0.5609756097560976,3,0
703,50,male,Spain,6.6,1,8.5,1,4,medium,1.2878787878787878,0,0
704,37,female,Chile,8.7,0,4.8,10,8,low,0.5517241379310345,2,0
705,30,male,Spain,5.4,2,4.0,1,7,high,0.7407407407407407,1,0
706,45,non-binary,Argentina,5.2,3,4.1,5,9,high,0.7884615384615383,2,0
707,46,non-binary,Argentina,8.3,1,1.6,2,7,high,0.19277108433734938,2,0
708,30,non-binary,Argentina,7.9,4,7.2,9,10,medium,0.9113924050632911,2,0
709,63,female,Mexico,6.3,3,1.4,7,1,low,0.2222222222222222,2,0
710,52,female,Spain,5.3,1,2.9,4,7,low,0.5471698113207547,1,0
711,23,non-binary,Mexico,9.2,0,0.8,4,1,low,0.08695652173913045,2,0
712,35,male,Mexico,4.4,0,5.8,2,7,medium,1.3181818181818181,1,0
713,22,female,Peru,6.1,3,5.6,5,10,medium,0.9180327868852459,2,0
714,64,non-binary,Chile,7.3,6,5.2,4,8,high,0.7123287671232877,3,0
715,42,non-binary,Chile,9.7,3,3.4,1,9,high,0.3505154639175258,3,0
716,19,female,Colombia,7.6,5,3.1,8,3,low,0.4078947368421053,3,0
717,27,female,Mexico,7.7,2,7.2,3,4,medium,0.935064935064935,1,0
718,47,female,Spain,6.1,1,4.6,6,4,medium,0.7540983606557377,1,0
719,62,male,Peru,7.9,3,6.8,4,9,low,0.860759493670886,2,0
720,22,male,Peru,7.2,2,3.8,9,7,low,0.5277777777777778,2,0
721,50,non-binary,Chile,4.6,5,6.5,7,3,high,1.4130434782608696,1,0
722,18,female,Mexico,8.2,2,9.3,9,10,high,1.1341463414634148,1,0
723,35,male,Colombia,8.5,3,7.5,10,5,high,0.8823529411764706,2,0
724,49,female,Mexico,8.2,0,5.0,3,7,low,0.6097560975609757,2,0
725,64,non-binary,Argentina,7.0,1,6.6,1,8,low,0.9428571428571428,1,0
726,28,male,Mexico,5.6,1,5.4,5,1,high,0.9642857142857144,1,0
727,38,male,Argentina,3.5,0,6.0,3,2,high,1.7142857142857142,1,0
728,43,male,Argentina,7.2,6,5.2,6,7,medium,0.7222222222222222,3,0
729,42,non-binary,Colombia,8.6,3,5.6,8,2,medium,0.6511627906976744,3,0
730,39,female,Spain,8.5,1,6.5,4,7,high,0.7647058823529411,1,0
731,44,male,Chile,8.2,3,3.5,5,9,high,0.426829268292683,3,0
732,30,non-binary,Mexico,6.9,5,3.5,5,2,medium,0.5072463768115941,2,0
733,50,female,Argentina,8.6,3,2.5,4,7,high,0.29069767441860467,3,0
734,51,non-binary,Mexico,8.4,2,2.0,4,4,medium,0.23809523809523808,2,0
735,58,female,Spain,6.4,0,3.0,4,2,medium,0.46875,1,0
736,52,non-binary,Chile,8.0,6,6.4,4,7,medium,0.8,2,0
737,18,female,Spain,6.2,3,3.8,4,5,low,0.6129032258064515,2,0
738,38,male,Chile,7.8,6,7.3,5,1,low,0.9358974358974359,2,0
739,23,female,Peru,5.1,6,6.1,2,5,high,1.196078431372549,1,0
740,45,non-binary,Chile,5.2,5,1.1,2,3,medium,0.21153846153846154,2,0
741,34,non-binary,Colombia,8.6,4,7.6,9,7,low,0.8837209302325582,2,0
742,22,female,Spain,8.4,0,8.0,2,6,high,0.9523809523809523,1,0
743,48,male,Argentina,8.0,6,3.5,6,8,high,0.4375,3,0
744,22,male,Peru,7.1,1,7.1,2,5,high,1.0,1,0
745,55,female,Colombia,3.4,2,3.9,5,2,high,1.1470588235294117,1,0
746,20,female,Mexico,6.9,1,6.2,4,9,high,0.8985507246376812,0,0
747,40,non-binary,Spain,7.7,5,2.8,7,8,medium,0.3636363636363636,3,0
748,54,male,Argentina,6.2,5,1.5,7,6,high,0.24193548387096772,2,0
749,54,female,Chile,5.9,1,5.0,6,10,medium,0.847457627118644,1,0
750,27,male,Argentina,9.2,0,5.7,10,7,low,0.6195652173913044,2,0
751,27,female,Mexico,6.9,1,5.0,5,9,high,0.7246376811594203,1,0
752,36,female,Peru,7.7,3,3.0,1,7,low,0.38961038961038963,3,0
753,34,male,Peru,8.2,1,5.0,3,3,medium,0.6097560975609757,2,0
754,38,female,Spain,5.5,2,6.7,9,6,medium,1.2181818181818183,0,0
755,31,female,Peru,7.3,2,5.9,1,7,low,0.8082191780821919,2,0
756,26,non-binary,Spain,9.0,4,6.5,5,2,high,0.7222222222222222,2,0
757,63,female,Spain,9.7,2,4.3,2,3,high,0.443298969072165,2,0
758,18,female,Spain,7.1,1,8.9,4,4,low,1.2535211267605635,1,0
759,62,female,Chile,6.6,2,3.1,1,10,low,0.4696969696969697,1,0
760,30,non-binary,Colombia,7.4,0,7.2,3,6,low,0.9729729729729729,1,0
761,21,male,Spain,7.4,6,9.0,10,1,high,1.2162162162162162,2,0
762,18,non-binary,Spain,9.1,2,7.2,7,9,high,0.7912087912087913,1,0
763,57,non-binary,Colombia,5.5,3,5.5,10,5,high,1.0,2,0
764,49,male,Argentina,6.6,0,4.7,3,7,low,0.7121212121212122,1,0
765,51,non-binary,Spain,5.3,4,8.6,4,9,high,1.6226415094339623,1,0
766,45,male,Chile,5.5,3,2.4,2,9,medium,0.43636363636363634,2,0
767,48,non-binary,Peru,7.6,1,3.6,3,1,low,0.4736842105263158,2,0
768,25,male,Peru,8.2,6,5.0,9,1,high,0.6097560975609757,3,0
769,56,female,Mexico,6.0,1,9.1,3,3,low,1.5166666666666666,0,0
770,43,non-binary,Mexico,8.2,6,6.9,5,6,medium,0.8414634146341464,2,0
771,51,non-binary,Peru,8.7,6,3.6,2,2,medium,0.4137931034482759,3,0
772,20,non-binary,Peru,9.9,1,5.2,4,10,low,0.5252525252525253,2,0
773,29,non-binary,Chile,7.1,3,4.5,7,1,low,0.6338028169014085,3,0
774,18,female,Colombia,6.0,3,4.2,7,1,medium,0.7000000000000001,2,0
775,61,non-binary,Mexico,5.5,6,8.4,3,5,low,1.5272727272727273,1,0
776,22,female,Colombia,5.3,3,2.6,5,4,medium,0.4905660377358491,2,0
777,47,female,Chile,8.9,6,10.0,1,1,medium,1.1235955056179774,2,0
778,47,female,Peru,4.7,6,8.1,10,4,high,1.7234042553191489,1,1
779,34,female,Spain,8.8,0,8.7,10,3,low,0.9886363636363634,1,0
780,64,male,Colombia,5.7,5,4.8,10,2,low,0.8421052631578947,2,0
781,40,male,Peru,6.0,0,5.6,1,9,high,0.9333333333333332,1,0
782,32,non-binary,Peru,6.8,1,2.4,5,1,medium,0.35294117647058826,1,0
783,54,male,Argentina,5.9,5,4.7,10,7,low,0.7966101694915254,2,0
784,38,male,Colombia,8.4,2,7.2,9,4,high,0.8571428571428571,1,0
785,31,non-binary,Spain,9.7,1,9.2,1,5,high,0.9484536082474226,1,0
786,19,non-binary,Colombia,6.0,4,3.2,1,10,low,0.5333333333333333,2,0
787,28,non-binary,Peru,6.4,0,5.1,4,5,high,0.7968749999999999,1,0
788,56,male,Spain,6.8,3,5.6,4,1,medium,0.8235294117647058,2,0
789,55,male,Chile,7.8,0,2.5,2,6,high,0.32051282051282054,2,0
790,51,non-binary,Argentina,6.8,3,7.5,9,9,medium,1.1029411764705883,1,0
791,55,female,Peru,9.1,5,4.2,9,2,medium,0.46153846153846156,3,0
792,51,non-binary,Mexico,8.7,4,5.5,2,7,low,0.632183908045977,3,0
793,35,female,Mexico,5.2,5,4.9,9,6,high,0.9423076923076923,2,0
794,47,female,Argentina,7.8,4,4.0,6,5,medium,0.5128205128205129,3,0
795,32,non-binary,Chile,9.3,0,6.0,8,4,medium,0.6451612903225806,2,0
796,44,non-binary,Peru,6.3,3,5.5,10,4,high,0.873015873015873,2,0
797,51,non-binary,Colombia,6.6,5,5.1,4,6,medium,0.7727272727272727,2,0
798,55,male,Argentina,6.2,4,4.2,2,4,high,0.6774193548387097,2,0
799,50,female,Chile,6.2,6,6.8,2,5,low,1.096774193548387,1,0
800,41,male,Colombia,4.5,1,10.1,9,6,medium,2.2444444444444445,0,1
801,32,male,Mexico,5.0,1,6.3,1,5,medium,1.26,0,0
802,47,non-binary,Mexico,7.1,5,8.5,7,7,high,1.1971830985915493,2,0
803,59,male,Colombia,9.3,3,2.5,3,9,high,0.26881720430107525,3,0
804,34,non-binary,Argentina,6.1,6,6.4,3,10,high,1.0491803278688525,1,0
805,22,female,Mexico,6.0,5,3.3,2,7,high,0.5499999999999999,2,0
806,46,non-binary,Peru,9.6,0,2.3,10,7,medium,0.23958333333333331,2,0
807,21,male,Spain,5.3,4,4.2,6,4,low,0.7924528301886793,2,0
808,27,male,Colombia,4.5,0,9.0,10,1,low,2.0,0,1
809,34,non-binary,Colombia,5.8,1,8.4,2,8,low,1.4482758620689655,0,0
810,27,non-binary,Mexico,6.0,4,6.6,10,4,low,1.0999999999999999,1,0
811,34,male,Argentina,4.4,5,2.2,4,1,high,0.5,2,0
812,37,female,Peru,6.8,0,5.5,10,5,medium,0.8088235294117647,1,0
813,41,female,Argentina,8.4,2,6.8,9,8,medium,0.8095238095238094,1,0
814,22,non-binary,Chile,5.1,3,6.4,9,4,medium,1.254901960784314,1,0
815,51,female,Chile,7.1,6,1.4,6,8,high,0.19718309859154928,3,0
816,23,male,Spain,7.6,6,3.8,4,8,medium,0.5,3,0
817,19,non-binary,Mexico,6.9,3,5.8,7,3,high,0.8405797101449275,2,0
818,30,male,Mexico,7.3,2,7.3,1,9,medium,1.0,1,0
819,60,male,Mexico,7.3,1,0.5,4,3,low,0.0684931506849315,2,0
820,60,female,Spain,5.8,4,5.6,5,1,high,0.9655172413793103,2,0
821,28,non-binary,Chile,9.2,3,6.4,8,2,medium,0.6956521739130436,2,0
822,64,non-binary,Argentina,8.9,2,8.1,2,6,low,0.9101123595505617,1,0
823,40,female,Spain,8.8,5,7.7,5,10,low,0.875,2,0
824,33,male,Spain,8.5,6,7.5,6,2,low,0.8823529411764706,2,0
825,48,male,Argentina,4.6,2,4.0,5,6,high,0.8695652173913044,1,0
826,28,male,Mexico,8.4,1,1.2,9,1,high,0.14285714285714285,2,0
827,33,male,Peru,8.0,1,5.0,10,1,medium,0.625,2,0
828,25,non-binary,Argentina,4.7,0,8.5,1,5,low,1.8085106382978722,0,0
829,21,non-binary,Chile,6.7,3,9.5,3,10,medium,1.417910447761194,1,0
830,57,female,Colombia,7.4,0,7.8,2,9,medium,1.054054054054054,1,0
831,21,female,Colombia,9.5,6,7.1,3,8,low,0.7473684210526316,2,0
832,42,non-binary,Spain,8.1,2,6.9,10,3,medium,0.851851851851852,1,0
833,20,non-binary,Colombia,5.7,4,4.6,9,3,high,0.8070175438596491,2,0
834,49,male,Peru,9.5,4,5.7,9,1,medium,0.6,3,0
835,20,male,Mexico,7.1,1,10.2,10,3,low,1.436619718309859,1,0
836,44,female,Chile,6.6,4,3.6,2,1,high,0.5454545454545455,2,0
837,46,non-binary,Peru,6.5,4,10.0,3,8,high,1.5384615384615385,1,0
838,49,female,Chile,4.6,6,5.2,4,1,medium,1.1304347826086958,2,0
839,36,non-binary,Chile,6.8,4,9.3,9,5,medium,1.3676470588235297,1,0
840,38,male,Mexico,7.7,2,2.5,3,9,high,0.3246753246753247,2,0
841,22,female,Spain,6.4,4,7.5,7,7,medium,1.171875,1,0
842,35,female,Colombia,7.6,5,4.2,3,4,low,0.5526315789473685,3,0
843,45,non-binary,Mexico,5.7,4,2.5,7,9,medium,0.43859649122807015,2,0
844,59,male,Peru,6.8,4,6.5,7,9,medium,0.9558823529411765,1,0
845,39,female,Spain,7.5,0,8.5,9,2,high,1.1333333333333333,1,0
846,38,male,Peru,7.3,2,3.9,2,10,medium,0.5342465753424658,2,0
847,23,female,Spain,4.6,1,2.3,6,10,medium,0.5,1,0
848,18,male,Peru,6.3,0,5.8,9,6,medium,0.9206349206349206,1,0
849,22,non-binary,Mexico,9.5,3,5.8,2,4,low,0.6105263157894737,3,0
850,58,female,Spain,6.3,2,7.4,2,8,medium,1.1746031746031746,0,0
851,29,female,Spain,7.0,5,8.4,5,7,low,1.2,2,0
852,43,male,Chile,6.9,2,5.9,10,7,low,0.855072463768116,1,0
853,63,male,Chile,9.4,3,10.6,10,10,low,1.127659574468085,2,0
854,51,female,Argentina,8.9,3,6.6,10,9,low,0.7415730337078651,2,0
855,31,non-binary,Peru,8.2,3,5.1,8,5,high,0.6219512195121951,3,0
856,43,male,Chile,5.5,6,2.0,9,6,low,0.36363636363636365,2,0
857,62,male,Argentina,7.5,1,5.3,2,1,medium,0.7066666666666667,2,0
858,44,male,Chile,7.9,4,5.2,5,6,low,0.6582278481012658,3,0
859,26,female,Peru,6.0,2,8.4,7,2,medium,1.4000000000000001,0,0
860,43,female,Spain,5.7,6,7.2,6,6,low,1.263157894736842,1,0
861,64,female,Colombia,9.6,4,3.1,6,9,high,0.3229166666666667,3,0
862,39,female,Peru,6.5,4,6.4,7,8,low,0.9846153846153847,1,0
863,64,non-binary,Mexico,9.4,5,7.7,3,9,low,0.8191489361702128,2,0
864,47,non-binary,Chile,8.5,3,9.8,3,10,high,1.1529411764705884,2,0
865,60,female,Chile,7.6,1,8.2,10,8,low,1.0789473684210527,1,0
866,34,non-binary,Spain,7.7,5,7.9,9,3,medium,1.025974025974026,2,0
867,43,male,Mexico,4.9,0,6.2,8,8,low,1.2653061224489794,0,0
868,53,male,Spain,7.3,6,7.0,5,6,low,0.9589041095890412,2,0
869,18,male,Mexico,9.1,6,9.1,6,6,low,1.0,2,0
870,25,female,Colombia,8.0,1,2.7,10,6,high,0.3375,2,0
871,52,male,Chile,7.2,4,5.1,1,3,low,0.7083333333333333,3,0
872,32,non-binary,Chile,9.6,6,4.1,10,10,low,0.4270833333333333,3,0
873,64,female,Colombia,6.7,1,6.9,1,1,medium,1.0298507462686568,0,0
874,39,non-binary,Argentina,6.1,6,9.1,4,4,low,1.4918032786885247,1,0
875,31,male,Spain,7.2,6,4.5,2,10,low,0.625,3,0
876,43,male,Colombia,8.1,3,0.0,7,6,low,0.0,3,0
877,45,male,Spain,4.4,0,5.0,2,10,low,1.1363636363636362,1,0
878,40,female,Peru,7.4,3,8.3,10,2,medium,1.1216216216216217,2,0
879,31,non-binary,Chile,8.2,0,7.3,2,7,medium,0.8902439024390244,1,0
880,41,female,Spain,6.6,6,7.1,5,7,high,1.0757575757575757,1,0
881,19,female,Mexico,8.7,5,5.3,4,4,low,0.6091954022988506,3,0
882,62,male,Spain,8.0,4,2.8,8,4,high,0.35,3,0
883,43,female,Peru,10.2,6,7.3,4,1,high,0.7156862745098039,2,0
884,31,female,Chile,5.9,0,3.9,6,2,low,0.6610169491525423,1,0
885,24,male,Colombia,8.2,0,11.5,5,9,medium,1.402439024390244,1,0
886,20,female,Peru,5.5,0,7.4,2,10,medium,1.3454545454545455,0,0
887,64,male,Chile,4.6,6,4.5,8,8,low,0.9782608695652175,2,0
888,40,male,Spain,3.9,1,4.5,2,8,low,1.153846153846154,1,0
889,63,male,Argentina,7.8,5,5.8,9,9,medium,0.7435897435897436,3,0
890,60,male,Argentina,7.3,1,5.4,9,7,low,0.7397260273972603,2,0
891,64,female,Mexico,6.3,4,8.8,3,9,low,1.396825396825397,1,0
892,62,male,Chile,4.3,6,6.5,4,10,low,1.5116279069767442,1,0
893,35,male,Argentina,6.0,0,4.2,8,2,medium,0.7000000000000001,1,0
894,55,female,Colombia,7.0,5,10.7,9,6,high,1.5285714285714285,2,0
895,52,female,Chile,8.2,5,6.1,3,3,high,0.7439024390243902,2,0
896,32,non-binary,Colombia,7.0,2,7.9,5,6,low,1.1285714285714286,1,0
897,42,female,Colombia,7.4,4,4.5,8,3,medium,0.6081081081081081,3,0
898,54,female,Argentina,6.4,5,6.9,3,8,low,1.078125,1,0
899,45,non-binary,Chile,9.6,6,6.8,7,4,medium,0.7083333333333334,2,0
900,27,female,Spain,5.5,0,1.3,8,10,low,0.23636363636363636,1,0
901,56,female,Peru,6.0,0,11.0,10,6,medium,1.8333333333333333,0,0
902,34,female,Argentina,6.3,5,9.2,3,9,medium,1.4603174603174602,1,0
903,56,female,Argentina,7.8,1,5.0,2,2,high,0.6410256410256411,2,0
904,39,non-binary,Spain,5.4,4,3.2,10,2,low,0.5925925925925926,2,0
905,43,female,Chile,7.2,0,6.9,7,7,high,0.9583333333333334,1,0
906,61,female,Chile,7.2,5,6.2,9,2,high,0.8611111111111112,2,0
907,42,non-binary,Colombia,6.0,0,6.9,1,2,medium,1.1500000000000001,0,0
908,34,male,Spain,7.5,5,6.5,3,4,low,0.8666666666666667,2,0
909,30,non-binary,Spain,5.5,4,7.3,5,9,medium,1.3272727272727272,1,0
910,37,male,Chile,5.3,5,9.6,3,8,medium,1.8113207547169812,1,0
911,42,non-binary,Colombia,7.1,2,7.4,1,2,medium,1.0422535211267607,1,0
912,21,non-binary,Argentina,4.5,5,3.4,7,8,low,0.7555555555555555,2,0
913,27,female,Mexico,3.8,5,9.4,7,4,low,2.473684210526316,1,0
914,20,male,Peru,7.8,6,10.1,10,2,medium,1.294871794871795,2,0
915,58,female,Argentina,8.6,4,13.9,8,10,low,1.616279069767442,2,0
916,62,male,Chile,6.3,6,3.2,5,7,medium,0.507936507936508,2,0
917,35,non-binary,Peru,6.0,5,6.6,10,6,low,1.0999999999999999,1,0
918,64,non-binary,Mexico,8.5,4,0.8,5,10,low,0.09411764705882353,3,0
919,53,male,Mexico,5.3,2,7.4,5,5,high,1.3962264150943398,0,0
920,64,female,Colombia,5.0,4,4.6,1,1,medium,0.9199999999999999,2,0
921,39,female,Peru,8.1,0,10.8,10,2,high,1.3333333333333335,1,0
922,51,female,Colombia,7.0,6,4.1,5,8,high,0.5857142857142856,3,0
923,64,female,Argentina,8.6,4,1.8,6,1,medium,0.20930232558139536,3,0
924,25,non-binary,Spain,3.8,2,4.8,1,3,medium,1.263157894736842,1,0
925,57,non-binary,Spain,4.9,3,1.1,7,2,low,0.22448979591836735,2,0
926,61,non-binary,Spain,7.0,5,7.9,1,5,medium,1.1285714285714286,2,0
927,36,non-binary,Peru,7.6,4,0.8,2,4,high,0.10526315789473685,3,0
928,59,non-binary,Spain,8.3,5,6.1,2,7,high,0.7349397590361445,2,0
929,58,female,Argentina,7.3,1,0.8,5,5,medium,0.10958904109589042,2,0
930,54,female,Colombia,7.2,0,5.2,10,8,high,0.7222222222222222,2,0
931,23,female,Peru,6.4,6,10.1,7,4,low,1.5781249999999998,1,0
932,43,female,Colombia,9.4,0,6.9,1,6,high,0.7340425531914894,1,0
933,51,non-binary,Peru,5.3,1,3.8,10,4,low,0.7169811320754716,1,0
934,62,non-binary,Colombia,7.5,1,5.9,1,2,high,0.7866666666666667,2,0
935,23,non-binary,Mexico,5.5,6,6.0,1,1,low,1.0909090909090908,2,0
936,54,male,Colombia,7.8,4,7.2,6,1,low,0.9230769230769231,2,0
937,50,female,Spain,5.4,1,2.6,2,8,medium,0.48148148148148145,1,0
938,39,female,Mexico,8.1,3,7.5,1,4,low,0.9259259259259259,2,0
940,23,female,Peru,9.6,5,4.4,2,8,high,0.45833333333333337,3,0
941,23,female,Peru,6.6,2,4.8,6,7,high,0.7272727272727273,1,0
942,21,non-binary,Peru,7.6,1,7.6,10,8,high,1.0,1,0
943,47,male,Chile,5.8,1,6.1,8,8,low,1.0517241379310345,0,0
944,28,male,Argentina,6.6,3,2.5,2,6,high,0.3787878787878788,2,0
945,47,male,Peru,7.2,0,3.5,9,10,high,0.4861111111111111,2,0
946,48,non-binary,Mexico,4.7,0,6.5,8,2,medium,1.3829787234042552,0,0
947,41,female,Peru,4.9,5,5.8,10,6,medium,1.183673469387755,2,0
948,26,non-binary,Chile,7.9,5,4.6,1,1,high,0.5822784810126581,3,0
949,20,non-binary,Spain,6.8,4,4.8,7,1,high,0.7058823529411765,2,0
950,48,female,Mexico,6.1,6,7.7,10,3,low,1.2622950819672132,1,0
951,57,male,Chile,5.9,3,4.7,6,3,low,0.7966101694915254,2,0
952,54,male,Spain,6.0,6,5.8,6,5,high,0.9666666666666667,2,0
953,53,non-binary,Mexico,7.2,6,11.4,6,1,medium,1.5833333333333333,2,0
954,41,male,Colombia,7.7,2,2.4,6,10,high,0.3116883116883117,2,0
955,48,non-binary,Argentina,3.9,6,1.4,10,6,low,0.358974358974359,2,0
956,23,non-binary,Argentina,9.1,2,8.0,7,7,medium,0.8791208791208791,1,0
957,19,female,Chile,9.0,6,4.3,3,10,medium,0.47777777777777775,3,0
958,37,female,Spain,3.5,3,5.2,6,3,low,1.4857142857142858,2,0
959,45,female,Argentina,8.6,2,4.0,3,4,high,0.46511627906976744,2,0
960,28,non-binary,Spain,8.6,0,5.4,7,10,high,0.6279069767441862,2,0
961,21,female,Spain,7.0,2,10.0,7,10,high,1.4285714285714286,1,0
962,32,male,Chile,5.1,2,8.0,8,10,low,1.5686274509803924,0,0
963,23,male,Chile,8.5,3,8.2,2,10,medium,0.9647058823529411,2,0
964,47,non-binary,Chile,6.6,3,2.5,9,10,low,0.3787878787878788,2,0
965,55,non-binary,Argentina,7.8,2,3.1,5,3,high,0.39743589743589747,2,0
967,32,non-binary,Argentina,7.4,3,4.0,10,8,medium,0.5405405405405405,3,0
968,28,non-binary,Chile,5.6,4,8.4,5,10,low,1.5000000000000002,1,0
969,25,male,Peru,6.5,4,7.3,7,10,high,1.123076923076923,1,0
970,43,male,Spain,5.8,0,5.4,9,2,medium,0.9310344827586208,1,0
971,62,female,Chile,7.7,6,5.9,4,1,low,0.7662337662337663,3,0
972,61,non-binary,Mexico,5.8,2,4.3,2,8,low,0.7413793103448276,1,0
973,22,non-binary,Spain,6.3,1,6.5,9,7,medium,1.0317460317460319,0,0
974,23,male,Spain,5.1,0,7.9,2,7,medium,1.5490196078431375,0,0
975,43,non-binary,Chile,6.8,2,2.0,3,4,high,0.29411764705882354,1,0
976,21,male,Colombia,7.3,3,6.7,10,9,medium,0.9178082191780822,2,0
977,36,female,Chile,3.0,4,8.3,2,6,high,2.766666666666667,1,0
978,37,male,Spain,7.4,5,5.0,3,2,low,0.6756756756756757,3,0
979,50,non-binary,Mexico,6.9,1,7.8,6,1,high,1.1304347826086956,0,0
980,37,female,Spain,5.9,5,13.0,3,1,low,2.2033898305084745,1,0
981,29,male,Mexico,10.0,4,5.7,10,9,medium,0.5700000000000001,3,0
982,64,male,Argentina,8.4,6,7.0,8,4,low,0.8333333333333333,2,0
983,18,female,Peru,5.4,6,4.2,6,5,medium,0.7777777777777778,2,0
984,43,female,Spain,8.3,5,6.5,7,3,low,0.7831325301204819,2,0
985,31,male,Chile,8.9,3,7.2,1,4,low,0.8089887640449438,2,0
986,55,non-binary,Argentina,7.2,2,6.5,3,8,low,0.9027777777777778,1,0
987,54,male,Peru,7.5,3,3.5,3,4,low,0.4666666666666667,3,0
988,28,female,Chile,7.5,5,6.5,2,9,high,0.8666666666666667,2,0
989,53,male,Colombia,3.9,3,9.7,7,9,low,2.4871794871794872,1,0
990,30,female,Chile,6.7,4,7.1,9,6,high,1.0597014925373134,1,0
991,60,female,Mexico,6.6,1,8.4,4,2,medium,1.272727272727273,0,0
992,20,non-binary,Mexico,9.1,3,5.4,5,10,medium,0.5934065934065935,3,0
993,50,female,Colombia,7.5,4,7.9,3,7,high,1.0533333333333335,2,0
994,23,female,Argentina,6.6,1,6.7,9,9,medium,1.0151515151515151,0,0
995,27,non-binary,Peru,6.9,6,3.6,4,6,medium,0.5217391304347826,2,0
996,22,female,Chile,8.5,2,6.8,5,3,low,0.7999999999999999,1,0
997,40,non-binary,Mexico,6.7,5,3.5,1,7,low,0.5223880597014925,2,0
998,27,non-binary,Argentina,6.0,6,4.4,2,5,low,0.7333333333333334,2,0
999,61,female,Colombia,6.6,2,6.5,9,1,high,0.9848484848484849,0,0
1000,19,female,Spain,8.4,6,6.7,2,3,high,0.7976190476190476,2,0
